company_name,website,city,state,source_url,source_name,discovered_at
CES Roofing,https://www.cesroof.com,Tampa,FL,https://www.yellowpages.com/tampa-fl/bpp/ces-roofing-570353012,YellowPages,2026-08-10T23:22:00Z
SCM Roofing,https://scmroofingfl.com,Tampa,FL,https://www.yellowpages.com/tampa-fl/mip/scm-roofing-526561640,YellowPages,2026-08-10T23:22:00Z
GreenTek Roofing & Solar,https://greentekroofing.com,St. Petersburg,FL,https://www.yellowpages.com/saint-petersburg-fl/roofing-contractors,YellowPages,2026-08-10T23:22:00Z
Tropical Roofing Inc,http://tropicalroofingincfl.localsearch.com,St. Petersburg,FL,https://www.yellowpages.com/st-petersburg-fl/mip/tropical-roofing-inc-2783898,YellowPages,2026-08-10T23:22:00Z
Done Rite Roofing Inc,https://doneriteroofing.com,Clearwater,FL,https://www.yellowpages.com/clearwater-fl/dunn-rite-roofing,YellowPages,2026-08-10T23:22:00Z
Hendrick Roofing Inc,http://www.hendrickroofing.com,Clearwater,FL,https://www.yellowpages.com/clearwater-fl/mip/hendrick-roofing-inc-since-1969-8457910,YellowPages,2026-08-10T23:22:00Z
T&K Roofing,https://www.roof.info/roofing-contractors/florida/brandon/t-k-roofing,Brandon,FL,https://www.yellowpages.com/brandon-fl/mip/tk-roofing-469113861,YellowPages,2026-08-10T23:22:00Z
Sears Home Improvement Roofing,https://searshomeservices.com,Brandon,FL,https://www.yellowpages.com/brandon-fl/roofing-equipment-supplies,YellowPages,2026-08-10T23:22:00Z
Southern Roof Consultants,https://southernroofconsultants.com,Riverview,FL,https://www.yellowpages.com/west-riverfront-fl/roofing-services-consultants?page=3,YellowPages,2026-08-10T23:22:00Z
Bill Shields Roofing,https://billshieldsroofing.com,Riverview,FL,https://www.yellowpages.com/brandon-fl/roof-cleaning,YellowPages,2026-08-10T23:22:00Z
